[{"model": "admin.logentry", "pk": 1, "fields": {"action_time": "2021-08-18T15:32:30.316", "user": 1, "content_type": 8, "object_id": "11", "object_repr": "id230515357", "action_flag": 3, "change_message": ""}}, {"model": "admin.logentry", "pk": 2, "fields": {"action_time": "2021-08-18T16:12:14.517", "user": 1, "content_type": 8, "object_id": "12", "object_repr": "id230515357", "action_flag": 3, "change_message": ""}}, {"model": "admin.logentry", "pk": 3, "fields": {"action_time": "2021-08-18T16:15:19.623", "user": 1, "content_type": 8, "object_id": "13", "object_repr": "id230515357", "action_flag": 3, "change_message": ""}}, {"model": "admin.logentry", "pk": 4, "fields": {"action_time": "2021-08-18T16:36:52.603", "user": 1, "content_type": 8, "object_id": "14", "object_repr": "id230515357", "action_flag": 3, "change_message": ""}}, {"model": "admin.logentry", "pk": 5, "fields": {"action_time": "2021-08-18T16:38:39.472", "user": 1, "content_type": 8, "object_id": "15", "object_repr": "id230515357", "action_flag": 3, "change_message": ""}}, {"model": "admin.logentry", "pk": 6, "fields": {"action_time": "2021-08-18T16:39:48.602", "user": 1, "content_type": 8, "object_id": "16", "object_repr": "id230515357", "action_flag": 3, "change_message": ""}}, {"model": "admin.logentry", "pk": 7, "fields": {"action_time": "2021-08-18T16:41:25.088", "user": 1, "content_type": 8, "object_id": "17", "object_repr": "id230515357", "action_flag": 3, "change_message": ""}}, {"model": "admin.logentry", "pk": 8, "fields": {"action_time": "2021-08-18T16:43:33.665", "user": 1, "content_type": 8, "object_id": "18", "object_repr": "id230515357", "action_flag": 3, "change_message": ""}}, {"model": "admin.logentry", "pk": 9, "fields": {"action_time": "2021-08-18T16:44:56.880", "user": 1, "content_type": 8, "object_id": "19", "object_repr": "id230515357", "action_flag": 3, "change_message": ""}}, {"model": "admin.logentry", "pk": 10, "fields": {"action_time": "2021-08-18T16:50:21.108", "user": 1, "content_type": 8, "object_id": "20", "object_repr": "id230515357", "action_flag": 3, "change_message": ""}}, {"model": "admin.logentry", "pk": 11, "fields": {"action_time": "2021-08-22T20:24:55.715", "user": 1, "content_type": 16, "object_id": "1", "object_repr": "Текущий заказ: 1", "action_flag": 1, "change_message": "[{\"added\": {}}]"}}, {"model": "admin.logentry", "pk": 12, "fields": {"action_time": "2021-08-22T20:25:38.669", "user": 1, "content_type": 16, "object_id": "1", "object_repr": "Текущий заказ: 1", "action_flag": 3, "change_message": ""}}, {"model": "admin.logentry", "pk": 13, "fields": {"action_time": "2021-08-22T20:25:47.266", "user": 1, "content_type": 16, "object_id": "2", "object_repr": "Текущий заказ: 2", "action_flag": 1, "change_message": "[{\"added\": {}}]"}}, {"model": "auth.permission", "pk": 1, "fields": {"name": "Can add log entry", "content_type": 1, "codename": "add_logentry"}}, {"model": "auth.permission", "pk": 2, "fields": {"name": "Can change log entry", "content_type": 1, "codename": "change_logentry"}}, {"model": "auth.permission", "pk": 3, "fields": {"name": "Can delete log entry", "content_type": 1, "codename": "delete_logentry"}}, {"model": "auth.permission", "pk": 4, "fields": {"name": "Can view log entry", "content_type": 1, "codename": "view_logentry"}}, {"model": "auth.permission", "pk": 5, "fields": {"name": "Can add permission", "content_type": 2, "codename": "add_permission"}}, {"model": "auth.permission", "pk": 6, "fields": {"name": "Can change permission", "content_type": 2, "codename": "change_permission"}}, {"model": "auth.permission", "pk": 7, "fields": {"name": "Can delete permission", "content_type": 2, "codename": "delete_permission"}}, {"model": "auth.permission", "pk": 8, "fields": {"name": "Can view permission", "content_type": 2, "codename": "view_permission"}}, {"model": "auth.permission", "pk": 9, "fields": {"name": "Can add group", "content_type": 3, "codename": "add_group"}}, {"model": "auth.permission", "pk": 10, "fields": {"name": "Can change group", "content_type": 3, "codename": "change_group"}}, {"model": "auth.permission", "pk": 11, "fields": {"name": "Can delete group", "content_type": 3, "codename": "delete_group"}}, {"model": "auth.permission", "pk": 12, "fields": {"name": "Can view group", "content_type": 3, "codename": "view_group"}}, {"model": "auth.permission", "pk": 13, "fields": {"name": "Can add content type", "content_type": 4, "codename": "add_contenttype"}}, {"model": "auth.permission", "pk": 14, "fields": {"name": "Can change content type", "content_type": 4, "codename": "change_contenttype"}}, {"model": "auth.permission", "pk": 15, "fields": {"name": "Can delete content type", "content_type": 4, "codename": "delete_contenttype"}}, {"model": "auth.permission", "pk": 16, "fields": {"name": "Can view content type", "content_type": 4, "codename": "view_contenttype"}}, {"model": "auth.permission", "pk": 17, "fields": {"name": "Can add session", "content_type": 5, "codename": "add_session"}}, {"model": "auth.permission", "pk": 18, "fields": {"name": "Can change session", "content_type": 5, "codename": "change_session"}}, {"model": "auth.permission", "pk": 19, "fields": {"name": "Can delete session", "content_type": 5, "codename": "delete_session"}}, {"model": "auth.permission", "pk": 20, "fields": {"name": "Can view session", "content_type": 5, "codename": "view_session"}}, {"model": "auth.permission", "pk": 21, "fields": {"name": "Can add ('категория',)", "content_type": 6, "codename": "add_productcategory"}}, {"model": "auth.permission", "pk": 22, "fields": {"name": "Can change ('категория',)", "content_type": 6, "codename": "change_productcategory"}}, {"model": "auth.permission", "pk": 23, "fields": {"name": "Can delete ('категория',)", "content_type": 6, "codename": "delete_productcategory"}}, {"model": "auth.permission", "pk": 24, "fields": {"name": "Can view ('категория',)", "content_type": 6, "codename": "view_productcategory"}}, {"model": "auth.permission", "pk": 25, "fields": {"name": "Can add product", "content_type": 7, "codename": "add_product"}}, {"model": "auth.permission", "pk": 26, "fields": {"name": "Can change product", "content_type": 7, "codename": "change_product"}}, {"model": "auth.permission", "pk": 27, "fields": {"name": "Can delete product", "content_type": 7, "codename": "delete_product"}}, {"model": "auth.permission", "pk": 28, "fields": {"name": "Can view product", "content_type": 7, "codename": "view_product"}}, {"model": "auth.permission", "pk": 29, "fields": {"name": "Can add user", "content_type": 8, "codename": "add_shopuser"}}, {"model": "auth.permission", "pk": 30, "fields": {"name": "Can change user", "content_type": 8, "codename": "change_shopuser"}}, {"model": "auth.permission", "pk": 31, "fields": {"name": "Can delete user", "content_type": 8, "codename": "delete_shopuser"}}, {"model": "auth.permission", "pk": 32, "fields": {"name": "Can view user", "content_type": 8, "codename": "view_shopuser"}}, {"model": "auth.permission", "pk": 33, "fields": {"name": "Can add basket", "content_type": 9, "codename": "add_basket"}}, {"model": "auth.permission", "pk": 34, "fields": {"name": "Can change basket", "content_type": 9, "codename": "change_basket"}}, {"model": "auth.permission", "pk": 35, "fields": {"name": "Can delete basket", "content_type": 9, "codename": "delete_basket"}}, {"model": "auth.permission", "pk": 36, "fields": {"name": "Can view basket", "content_type": 9, "codename": "view_basket"}}, {"model": "auth.permission", "pk": 37, "fields": {"name": "Can add association", "content_type": 10, "codename": "add_association"}}, {"model": "auth.permission", "pk": 38, "fields": {"name": "Can change association", "content_type": 10, "codename": "change_association"}}, {"model": "auth.permission", "pk": 39, "fields": {"name": "Can delete association", "content_type": 10, "codename": "delete_association"}}, {"model": "auth.permission", "pk": 40, "fields": {"name": "Can view association", "content_type": 10, "codename": "view_association"}}, {"model": "auth.permission", "pk": 41, "fields": {"name": "Can add code", "content_type": 11, "codename": "add_code"}}, {"model": "auth.permission", "pk": 42, "fields": {"name": "Can change code", "content_type": 11, "codename": "change_code"}}, {"model": "auth.permission", "pk": 43, "fields": {"name": "Can delete code", "content_type": 11, "codename": "delete_code"}}, {"model": "auth.permission", "pk": 44, "fields": {"name": "Can view code", "content_type": 11, "codename": "view_code"}}, {"model": "auth.permission", "pk": 45, "fields": {"name": "Can add nonce", "content_type": 12, "codename": "add_nonce"}}, {"model": "auth.permission", "pk": 46, "fields": {"name": "Can change nonce", "content_type": 12, "codename": "change_nonce"}}, {"model": "auth.permission", "pk": 47, "fields": {"name": "Can delete nonce", "content_type": 12, "codename": "delete_nonce"}}, {"model": "auth.permission", "pk": 48, "fields": {"name": "Can view nonce", "content_type": 12, "codename": "view_nonce"}}, {"model": "auth.permission", "pk": 49, "fields": {"name": "Can add user social auth", "content_type": 13, "codename": "add_usersocialauth"}}, {"model": "auth.permission", "pk": 50, "fields": {"name": "Can change user social auth", "content_type": 13, "codename": "change_usersocialauth"}}, {"model": "auth.permission", "pk": 51, "fields": {"name": "Can delete user social auth", "content_type": 13, "codename": "delete_usersocialauth"}}, {"model": "auth.permission", "pk": 52, "fields": {"name": "Can view user social auth", "content_type": 13, "codename": "view_usersocialauth"}}, {"model": "auth.permission", "pk": 53, "fields": {"name": "Can add partial", "content_type": 14, "codename": "add_partial"}}, {"model": "auth.permission", "pk": 54, "fields": {"name": "Can change partial", "content_type": 14, "codename": "change_partial"}}, {"model": "auth.permission", "pk": 55, "fields": {"name": "Can delete partial", "content_type": 14, "codename": "delete_partial"}}, {"model": "auth.permission", "pk": 56, "fields": {"name": "Can view partial", "content_type": 14, "codename": "view_partial"}}, {"model": "auth.permission", "pk": 57, "fields": {"name": "Can add shop user profile", "content_type": 15, "codename": "add_shopuserprofile"}}, {"model": "auth.permission", "pk": 58, "fields": {"name": "Can change shop user profile", "content_type": 15, "codename": "change_shopuserprofile"}}, {"model": "auth.permission", "pk": 59, "fields": {"name": "Can delete shop user profile", "content_type": 15, "codename": "delete_shopuserprofile"}}, {"model": "auth.permission", "pk": 60, "fields": {"name": "Can view shop user profile", "content_type": 15, "codename": "view_shopuserprofile"}}, {"model": "auth.permission", "pk": 61, "fields": {"name": "Can add заказ", "content_type": 16, "codename": "add_order"}}, {"model": "auth.permission", "pk": 62, "fields": {"name": "Can change заказ", "content_type": 16, "codename": "change_order"}}, {"model": "auth.permission", "pk": 63, "fields": {"name": "Can delete заказ", "content_type": 16, "codename": "delete_order"}}, {"model": "auth.permission", "pk": 64, "fields": {"name": "Can view заказ", "content_type": 16, "codename": "view_order"}}, {"model": "auth.permission", "pk": 65, "fields": {"name": "Can add order item", "content_type": 17, "codename": "add_orderitem"}}, {"model": "auth.permission", "pk": 66, "fields": {"name": "Can change order item", "content_type": 17, "codename": "change_orderitem"}}, {"model": "auth.permission", "pk": 67, "fields": {"name": "Can delete order item", "content_type": 17, "codename": "delete_orderitem"}}, {"model": "auth.permission", "pk": 68, "fields": {"name": "Can view order item", "content_type": 17, "codename": "view_orderitem"}}, {"model": "sessions.session", "pk": "6hmgu0ur96j3hijfi04q5941g4277yxu", "fields": {"session_data": ".eJxVjMEOwiAQRP-FsyG0SwE9evcbyC67SNXQpLQn47_bJj3ocea9mbeKuC4lrk3mOLK6qE6dfjvC9JS6A35gvU86TXWZR9K7og_a9G1ieV0P9--gYCvbWjB7QhmACTiY7kycbCI2BCgJBuOsNz1CICCx6KUncCwu5Cx2y-rzBR8SOTw:1lslM0:kmpN6o3rDOYpi3f5ibVSjALDYKNamGf6pOdPr2j5XHI", "expire_date": "2021-06-28T15:06:08.072"}}, {"model": "sessions.session", "pk": "hfzl93o0kfcuv2lhboee9fk0cml296th", "fields": {"session_data": ".eJxVjMEOwiAQRP-FsyG0SwE9evcbyC67SNXQpLQn47_bJj3ocea9mbeKuC4lrk3mOLK6qE6dfjvC9JS6A35gvU86TXWZR9K7og_a9G1ieV0P9--gYCvbWjB7QhmACTiY7kycbCI2BCgJBuOsNz1CICCx6KUncCwu5Cx2y-rzBR8SOTw:1mEzOS:1ojXJ6u5om5s179QLG7zQVABnhCfa46knVejtp9Bppo", "expire_date": "2021-08-28T22:32:32.333"}}, {"model": "sessions.session", "pk": "odh0fxsjq86k4akpubdg7set13z3599p", "fields": {"session_data": ".eJxVjMEOwiAQRP-FsyG0SwE9evcbyC67SNXQpLQn47_bJj3ocea9mbeKuC4lrk3mOLK6qE6dfjvC9JS6A35gvU86TXWZR9K7og_a9G1ieV0P9--gYCvbWjB7QhmACTiY7kycbCI2BCgJBuOsNz1CICCx6KUncCwu5Cx2y-rzBR8SOTw:1mL6m5:HsNuoSTbq9KUg_sU3V9b3IZ-ofUwu-Ub_bQnUMvAQqA", "expire_date": "2021-09-14T19:38:13.474"}}, {"model": "sessions.session", "pk": "vu2vbwibee3y6heyz88g9966k47bpk81", "fields": {"session_data": "e30:1mGLis:OrvTL6x_GN2SsSdiqd-mDlyt4QLTCxPXwQn-7Fg-F4Y", "expire_date": "2021-09-01T16:35:14.131"}}, {"model": "mainapp.productcategory", "pk": 1, "fields": {"name": "Дом", "description": "", "is_active": true, "created": "2021-06-07T22:05:23.322", "update": "2021-08-31T19:06:16.156"}}, {"model": "mainapp.productcategory", "pk": 2, "fields": {"name": "Модерн", "description": "", "is_active": true, "created": "2021-06-07T22:05:23.330", "update": "2021-08-31T19:06:16.156"}}, {"model": "mainapp.productcategory", "pk": 3, "fields": {"name": "Офис", "description": "", "is_active": true, "created": "2021-06-07T22:05:23.337", "update": "2021-08-31T19:06:16.156"}}, {"model": "mainapp.product", "pk": 1, "fields": {"category": 1, "name": "Стул фамильный", "image": "products_images/product-21.jpg", "image_preview_1": "", "image_preview_2": "", "image_preview_3": "", "short_desc": "Очень интересный стул", "description": "Описание продукта", "price": "6000.00", "quantity": 15, "created": "2021-06-07T22:05:23.347", "update": "2021-08-31T19:06:16.145", "is_active": true}}, {"model": "mainapp.product", "pk": 2, "fields": {"category": 1, "name": "Кресло из серой кожи", "image": "products_images/product-3-sm.jpg", "image_preview_1": "", "image_preview_2": "", "image_preview_3": "", "short_desc": "уникальный дизайн", "description": "Описание продукта", "price": "9000.00", "quantity": 9, "created": "2021-06-07T22:05:23.354", "update": "2021-08-31T19:45:14.515", "is_active": true}}, {"model": "mainapp.product", "pk": 3, "fields": {"category": 1, "name": "Лампа сфера", "image": "products_images/product-1.jpg", "image_preview_1": "", "image_preview_2": "", "image_preview_3": "", "short_desc": "Супер лампа", "description": "Описание продукта", "price": "7500.00", "quantity": 30, "created": "2021-06-07T22:05:23.361", "update": "2021-08-31T19:06:16.145", "is_active": true}}, {"model": "mainapp.product", "pk": 4, "fields": {"category": 1, "name": "Псьменный стол", "image": "products_images/slider-hotdeal.jpg", "image_preview_1": "", "image_preview_2": "", "image_preview_3": "", "short_desc": "Лучший стол для работы", "description": "Описание продукта", "price": "10000.00", "quantity": 10, "created": "2021-06-07T22:05:23.368", "update": "2021-08-31T19:06:16.145", "is_active": true}}, {"model": "authapp.shopuser", "pk": 1, "fields": {"password": "pbkdf2_sha256$260000$eIWVbYinedjvh3Vmb95WNV$N2dQMFBF1Chfy60ObZnftMlioQE2XrWKxnPJ2kHC4jQ=", "last_login": "2021-08-31T19:38:13.460", "is_superuser": true, "username": "admin", "first_name": "", "last_name": "", "email": "admin@geekshop.local", "is_staff": true, "is_active": true, "date_joined": "2021-06-07T22:05:23.374", "avatar": "", "age": 20, "activation_key": "", "activation_key_expires": "2021-08-16T17:09:36.921", "is_delete": false, "groups": [], "user_permissions": []}}, {"model": "authapp.shopuser", "pk": 2, "fields": {"password": "pbkdf2_sha256$260000$70jBTfFUWkA8aSoqNJCV1a$DhDgfMTX4fk85mLgZcQenHvVMpZGS889uc2vaRenCQo=", "last_login": "2021-08-14T18:40:35.358", "is_superuser": false, "username": "django1", "first_name": "Ром", "last_name": "", "email": "asdasasd@sad.ru", "is_staff": false, "is_active": true, "date_joined": "2021-08-14T18:35:08.787", "avatar": "", "age": 30, "activation_key": "b49f9b089a434f5719a3878cd7d8de5e3499e658", "activation_key_expires": "2021-08-16T18:32:31.661", "is_delete": true, "groups": [], "user_permissions": []}}, {"model": "authapp.shopuser", "pk": 3, "fields": {"password": "pbkdf2_sha256$260000$al7EK7t9OFWWehWhEj2e0S$SDSBd0ytUVetQgcSkQzezMHkZtPy6BbcMHLfUgqwrOg=", "last_login": "2021-08-14T18:43:46.532", "is_superuser": false, "username": "django2", "first_name": "Мот", "last_name": "", "email": "asdasdsdafa@asdasd.ru", "is_staff": false, "is_active": false, "date_joined": "2021-08-14T18:43:30.761", "avatar": "", "age": 25, "activation_key": "5600c34e5a83c1a67af14acf5fcd3297ceb4adbe", "activation_key_expires": "2021-08-16T18:41:07.923", "is_delete": false, "groups": [], "user_permissions": []}}, {"model": "authapp.shopuser", "pk": 4, "fields": {"password": "pbkdf2_sha256$260000$sWpRT5PbmT6krtqnbcLEbj$/k6OFcOuNcRQVjSEhB2R0T+MIhBVQ7i1he1AM99U6G0=", "last_login": "2021-08-14T18:48:48.226", "is_superuser": false, "username": "django3", "first_name": "dja3", "last_name": "", "email": "sadasdasad@asdd.ru", "is_staff": false, "is_active": false, "date_joined": "2021-08-14T18:48:13.231", "avatar": "", "age": 25, "activation_key": "40e7e14d3981eeeea735fc27f2dfac7e5b373676", "activation_key_expires": "2021-08-16T18:47:00.530", "is_delete": false, "groups": [], "user_permissions": []}}, {"model": "authapp.shopuser", "pk": 9, "fields": {"password": "pbkdf2_sha256$260000$Ynck5Sybsq6SIwQaODl53C$DywizFTt2sMNpAGEZrUP11OilLlci8JjTolSh7SkWag=", "last_login": "2021-08-14T22:04:47.179", "is_superuser": false, "username": "django4", "first_name": "dja4", "last_name": "", "email": "wqet@sdfsdrf.ru", "is_staff": false, "is_active": true, "date_joined": "2021-08-14T22:04:33.301", "avatar": "", "age": 20, "activation_key": "b4a73f440cb9f3f552dfb17d94a7e0120cd6e036", "activation_key_expires": "2021-08-16T22:02:31.114", "is_delete": false, "groups": [], "user_permissions": []}}, {"model": "authapp.shopuser", "pk": 10, "fields": {"password": "pbkdf2_sha256$260000$HumFosYaQ8y5t7phtRXwuJ$KR/Pt9WLo511IF/Mq1puKPP0wo2jk4t94LyD+pkXPeg=", "last_login": "2021-08-18T15:17:01.416", "is_superuser": false, "username": "django5", "first_name": "dja5", "last_name": "", "email": "qqwqeyjkf@fdgf.ru", "is_staff": false, "is_active": true, "date_joined": "2021-08-14T22:10:52.684", "avatar": "", "age": 21, "activation_key": "81861ff089cab4501d283be46232d9bab0ee03e4", "activation_key_expires": "2021-08-16T22:02:31.114", "is_delete": false, "groups": [], "user_permissions": []}}, {"model": "authapp.shopuser", "pk": 21, "fields": {"password": "!Xee6ZTCySFJl9HIldjpr9dYIfwgOinQPSsQWXaj5", "last_login": "2021-08-18T16:50:33.396", "is_superuser": false, "username": "id230515357", "first_name": "Роман", "last_name": "Гаврин", "email": "gavrin.rom@gmail.com", "is_staff": false, "is_active": true, "date_joined": "2021-08-18T16:50:33.242", "avatar": "", "age": 18, "activation_key": "", "activation_key_expires": "2021-08-20T16:49:35.549", "is_delete": false, "groups": [], "user_permissions": []}}, {"model": "authapp.shopuserprofile", "pk": 1, "fields": {"user": 1, "tagline": "", "about_me": "", "gender": "", "language": "", "url_vk": ""}}, {"model": "authapp.shopuserprofile", "pk": 2, "fields": {"user": 2, "tagline": "", "about_me": "", "gender": "", "language": "", "url_vk": ""}}, {"model": "authapp.shopuserprofile", "pk": 3, "fields": {"user": 3, "tagline": "", "about_me": "", "gender": "", "language": "", "url_vk": ""}}, {"model": "authapp.shopuserprofile", "pk": 4, "fields": {"user": 4, "tagline": "", "about_me": "", "gender": "", "language": "", "url_vk": ""}}, {"model": "authapp.shopuserprofile", "pk": 5, "fields": {"user": 9, "tagline": "", "about_me": "", "gender": "", "language": "", "url_vk": ""}}, {"model": "authapp.shopuserprofile", "pk": 6, "fields": {"user": 10, "tagline": "", "about_me": "", "gender": "", "language": "", "url_vk": ""}}, {"model": "authapp.shopuserprofile", "pk": 17, "fields": {"user": 21, "tagline": "", "about_me": "", "gender": "M", "language": "Русский", "url_vk": "https://vk.com/id230515357"}}, {"model": "basketapp.basket", "pk": 18, "fields": {"user": 1, "product": 2, "quantity": 1, "add_datetime": "2021-08-31T19:32:48.939"}}, {"model": "orderapp.order", "pk": 2, "fields": {"user": 1, "created": "2021-08-22T20:25:47.265", "updated": "2021-08-22T20:25:47.265", "status": "STP", "is_active": true}}, {"model": "orderapp.order", "pk": 3, "fields": {"user": 1, "created": "2021-08-22T20:33:51.467", "updated": "2021-08-22T20:36:51.352", "status": "STP", "is_active": true}}, {"model": "orderapp.order", "pk": 4, "fields": {"user": 1, "created": "2021-08-22T20:37:09.366", "updated": "2021-08-22T20:37:46.785", "status": "STP", "is_active": true}}, {"model": "orderapp.order", "pk": 5, "fields": {"user": 1, "created": "2021-08-22T20:38:04.191", "updated": "2021-08-22T20:38:06.980", "status": "STP", "is_active": true}}, {"model": "orderapp.order", "pk": 6, "fields": {"user": 1, "created": "2021-08-24T17:00:58.791", "updated": "2021-08-24T17:00:58.803", "status": "FM", "is_active": true}}, {"model": "orderapp.order", "pk": 7, "fields": {"user": 1, "created": "2021-08-24T17:05:34.973", "updated": "2021-08-24T17:05:34.986", "status": "FM", "is_active": true}}, {"model": "orderapp.order", "pk": 8, "fields": {"user": 1, "created": "2021-08-24T17:06:47.425", "updated": "2021-08-24T17:06:47.437", "status": "FM", "is_active": true}}, {"model": "orderapp.order", "pk": 9, "fields": {"user": 1, "created": "2021-08-24T17:08:10.575", "updated": "2021-08-24T17:08:10.587", "status": "FM", "is_active": true}}, {"model": "orderapp.order", "pk": 10, "fields": {"user": 1, "created": "2021-08-24T17:10:42.463", "updated": "2021-08-24T17:10:42.484", "status": "FM", "is_active": true}}, {"model": "orderapp.order", "pk": 11, "fields": {"user": 1, "created": "2021-08-24T17:11:21.574", "updated": "2021-08-24T17:11:21.587", "status": "FM", "is_active": true}}, {"model": "orderapp.order", "pk": 12, "fields": {"user": 1, "created": "2021-08-24T17:12:48.077", "updated": "2021-08-24T17:12:48.090", "status": "FM", "is_active": true}}, {"model": "orderapp.order", "pk": 13, "fields": {"user": 1, "created": "2021-08-24T17:16:09.078", "updated": "2021-08-24T17:16:09.091", "status": "FM", "is_active": true}}, {"model": "orderapp.orderitem", "pk": 1, "fields": {"order": 3, "product": 1, "quantity": 2}}, {"model": "orderapp.orderitem", "pk": 2, "fields": {"order": 4, "product": 2, "quantity": 1}}, {"model": "orderapp.orderitem", "pk": 3, "fields": {"order": 5, "product": 3, "quantity": 1}}, {"model": "orderapp.orderitem", "pk": 4, "fields": {"order": 6, "product": 1, "quantity": 1}}, {"model": "orderapp.orderitem", "pk": 5, "fields": {"order": 7, "product": 2, "quantity": 1}}, {"model": "orderapp.orderitem", "pk": 6, "fields": {"order": 8, "product": 2, "quantity": 1}}, {"model": "orderapp.orderitem", "pk": 7, "fields": {"order": 9, "product": 2, "quantity": 1}}, {"model": "orderapp.orderitem", "pk": 8, "fields": {"order": 10, "product": 3, "quantity": 1}}, {"model": "orderapp.orderitem", "pk": 9, "fields": {"order": 11, "product": 4, "quantity": 1}}, {"model": "orderapp.orderitem", "pk": 10, "fields": {"order": 12, "product": 1, "quantity": 1}}, {"model": "orderapp.orderitem", "pk": 11, "fields": {"order": 13, "product": 3, "quantity": 1}}, {"model": "social_django.usersocialauth", "pk": 6, "fields": {"user": 21, "provider": "vk-oauth2", "uid": "230515357", "extra_data": "{\"auth_time\": 1629294633, \"id\": 230515357, \"expires\": 86400, \"access_token\": \"e0bfc7a3c32502aeda28be0b2c26ebb42b708d7803dc81e98fea2177c50c8d9618884edc8a27c44e1e81a\", \"token_type\": null}", "created": "2021-08-18T16:50:33.356", "modified": "2021-08-18T16:50:33.363"}}]